"","label","mutant_sequence","input_sequence","crRNA","crRNA_index","activity_input_seq","activity_mutant_seq","activity_diff","relative_diff","sigmod_diff","diff_score","category","crRNA_U2T","primer_Fu","primer_R"
"1","KRAS G12D","CTATAGGGGTGGTAGTTGGAGCTGATGGCGTAGGCAAGAGTGCCTTGAC","CTATAGGGGTGGTAGTTGGAGCTGGTGGCGTAGGCAAGAGTGCCTTGAC","AAUUUCUACUAUUGUAGAUUCCAACUACCACCCCUAUAG","crRNA1",0.0170316807180038,0.0194765261138913,0.0024448453958875,0.00279579543474502,0.0013978968068209,0.000376107746687831,"Imprecise","AATTTCTACTATTGTAGATTCCAACTACCACCCCTATAG","CGAAATTAATACGACTCACTATAGGGAATTTCTACTATTGTAGAT","CTATAGGGGTGGTAGTTGGAATCTACAATAGTAGAAATTC"
"2","KRAS G12D","CTATAGGGGTGGTAGTTGGAGCTGATGGCGTAGGCAAGAGTGCCTTGAC","CTATAGGGGTGGTAGTTGGAGCTGGTGGCGTAGGCAAGAGTGCCTTGAC","AAUUUCUACUAUUGUAGAUCUCCAACUACCACCCCUAUA","crRNA2",0.0345987205215843,0.093640507099379,0.0590417865777947,0.159795008365958,0.0797279256456882,0.036204708108433,"Imprecise","AATTTCTACTATTGTAGATCTCCAACTACCACCCCTATA","CGAAATTAATACGACTCACTATAGGGAATTTCTACTATTGTAGAT","TATAGGGGTGGTAGTTGGAGATCTACAATAGTAGAAATTC"
"3","KRAS G12D","CTATAGGGGTGGTAGTTGGAGCTGATGGCGTAGGCAAGAGTGCCTTGAC","CTATAGGGGTGGTAGTTGGAGCTGGTGGCGTAGGCAAGAGTGCCTTGAC","AAUUUCUACUAUUGUAGAUGCUCCAACUACCACCCCUAU","crRNA3",0.0383044131906876,0.17565979017327,0.137355376982582,0.629896523406255,0.304931997638133,0.170776110764194,"Moderate","AATTTCTACTATTGTAGATGCTCCAACTACCACCCCTAT","CGAAATTAATACGACTCACTATAGGGAATTTCTACTATTGTAGAT","ATAGGGGTGGTAGTTGGAGCATCTACAATAGTAGAAATTC"
"4","KRAS G12D","CTATAGGGGTGGTAGTTGGAGCTGATGGCGTAGGCAAGAGTGCCTTGAC","CTATAGGGGTGGTAGTTGGAGCTGGTGGCGTAGGCAAGAGTGCCTTGAC","AAUUUCUACUAUUGUAGAUAGCUCCAACUACCACCCCUA","crRNA4",0.0194765261138913,0.0668421535453749,0.0473656274314836,0.16255571055303,0.0810993506795297,0.0329130039291632,"Imprecise","AATTTCTACTATTGTAGATAGCTCCAACTACCACCCCTA","CGAAATTAATACGACTCACTATAGGGAATTTCTACTATTGTAGAT","TAGGGGTGGTAGTTGGAGCTATCTACAATAGTAGAAATTC"
"5","KRAS G12D","CTATAGGGGTGGTAGTTGGAGCTGATGGCGTAGGCAAGAGTGCCTTGAC","CTATAGGGGTGGTAGTTGGAGCTGGTGGCGTAGGCAAGAGTGCCTTGAC","AAUUUCUACUAUUGUAGAUCAGCUCCAACUACCACCCCU","crRNA5",0.0279151941643245,0.0106363662363419,-0.0172788279279826,-0.00658365264790566,-0.00329181443379545,-0.000723935331448878,"Imprecise","AATTTCTACTATTGTAGATCAGCTCCAACTACCACCCCT","CGAAATTAATACGACTCACTATAGGGAATTTCTACTATTGTAGAT","AGGGGTGGTAGTTGGAGCTGATCTACAATAGTAGAAATTC"
"6","KRAS G12D","CTATAGGGGTGGTAGTTGGAGCTGATGGCGTAGGCAAGAGTGCCTTGAC","CTATAGGGGTGGTAGTTGGAGCTGGTGGCGTAGGCAAGAGTGCCTTGAC","AAUUUCUACUAUUGUAGAUUCAGCUCCAACUACCACCCC","crRNA6",0,0.0383044131906876,0.0383044131906876,Inf,1,0.337092899367081,"Moderate","AATTTCTACTATTGTAGATTCAGCTCCAACTACCACCCC","CGAAATTAATACGACTCACTATAGGGAATTTCTACTATTGTAGAT","GGGGTGGTAGTTGGAGCTGAATCTACAATAGTAGAAATTC"
"7","KRAS G12D","CTATAGGGGTGGTAGTTGGAGCTGATGGCGTAGGCAAGAGTGCCTTGAC","CTATAGGGGTGGTAGTTGGAGCTGGTGGCGTAGGCAAGAGTGCCTTGAC","AAUUUCUACUAUUGUAGAUAUCAGCUCCAACUACCACCC","crRNA7",0,0.0170316807180038,0.0170316807180038,Inf,1,0.257287785530716,"Moderate","AATTTCTACTATTGTAGATATCAGCTCCAACTACCACCC","CGAAATTAATACGACTCACTATAGGGAATTTCTACTATTGTAGAT","GGGTGGTAGTTGGAGCTGATATCTACAATAGTAGAAATTC"
"8","KRAS G12D","CTATAGGGGTGGTAGTTGGAGCTGATGGCGTAGGCAAGAGTGCCTTGAC","CTATAGGGGTGGTAGTTGGAGCTGGTGGCGTAGGCAAGAGTGCCTTGAC","AAUUUCUACUAUUGUAGAUCAUCAGCUCCAACUACCACC","crRNA8",0,0.0311411870048147,0.0311411870048147,Inf,1,0.314614248567322,"Moderate","AATTTCTACTATTGTAGATCATCAGCTCCAACTACCACC","CGAAATTAATACGACTCACTATAGGGAATTTCTACTATTGTAGAT","GGTGGTAGTTGGAGCTGATGATCTACAATAGTAGAAATTC"
"9","KRAS G12D","CTATAGGGGTGGTAGTTGGAGCTGATGGCGTAGGCAAGAGTGCCTTGAC","CTATAGGGGTGGTAGTTGGAGCTGGTGGCGTAGGCAAGAGTGCCTTGAC","AAUUUCUACUAUUGUAGAUCCAUCAGCUCCAACUACCAC","crRNA9",0.0285981585237884,0.0728620690466528,0.0442639105228644,0.11277509711365,0.0563278620171446,0.0235264879726683,"Imprecise","AATTTCTACTATTGTAGATCCATCAGCTCCAACTACCAC","CGAAATTAATACGACTCACTATAGGGAATTTCTACTATTGTAGAT","GTGGTAGTTGGAGCTGATGGATCTACAATAGTAGAAATTC"
"10","KRAS G12D","CTATAGGGGTGGTAGTTGGAGCTGATGGCGTAGGCAAGAGTGCCTTGAC","CTATAGGGGTGGTAGTTGGAGCTGGTGGCGTAGGCAAGAGTGCCTTGAC","AAUUUCUACUAUUGUAGAUGCCAUCAGCUCCAACUACCA","crRNA10",0.0773622102026534,0.129001146609576,0.0516389364069226,0.0861077002420429,0.0430272678034507,0.0217407719122879,"Imprecise","AATTTCTACTATTGTAGATGCCATCAGCTCCAACTACCA","CGAAATTAATACGACTCACTATAGGGAATTTCTACTATTGTAGAT","TGGTAGTTGGAGCTGATGGCATCTACAATAGTAGAAATTC"
"11","KRAS G12D","CTATAGGGGTGGTAGTTGGAGCTGATGGCGTAGGCAAGAGTGCCTTGAC","CTATAGGGGTGGTAGTTGGAGCTGGTGGCGTAGGCAAGAGTGCCTTGAC","AAUUUCUACUAUUGUAGAUCGCCAUCAGCUCCAACUACC","crRNA11",0.0767469748886213,0.119221765026026,0.0424747901374047,0.0659820071949471,0.0329790396005343,0.0162314201602702,"Imprecise","AATTTCTACTATTGTAGATCGCCATCAGCTCCAACTACC","CGAAATTAATACGACTCACTATAGGGAATTTCTACTATTGTAGAT","GGTAGTTGGAGCTGATGGCGATCTACAATAGTAGAAATTC"
"12","KRAS G12D","CTATAGGGGTGGTAGTTGGAGCTGATGGCGTAGGCAAGAGTGCCTTGAC","CTATAGGGGTGGTAGTTGGAGCTGGTGGCGTAGGCAAGAGTGCCTTGAC","AAUUUCUACUAUUGUAGAUACGCCAUCAGCUCCAACUAC","crRNA12",0.00891777326882922,0.0147505593044339,0.00583278603560467,0.00964779589418246,0.00482386053008499,0.00118303494201403,"Imprecise","AATTTCTACTATTGTAGATACGCCATCAGCTCCAACTAC","CGAAATTAATACGACTCACTATAGGGAATTTCTACTATTGTAGAT","GTAGTTGGAGCTGATGGCGTATCTACAATAGTAGAAATTC"
"13","KRAS G12D","CTATAGGGGTGGTAGTTGGAGCTGATGGCGTAGGCAAGAGTGCCTTGAC","CTATAGGGGTGGTAGTTGGAGCTGGTGGCGTAGGCAAGAGTGCCTTGAC","AAUUUCUACUAUUGUAGAUUACGCCAUCAGCUCCAACUA","crRNA13",0.0497720621635318,0.0559847329457863,0.00621267078225447,0.00698815157551279,0.00349406156860788,0.0013366583744804,"Imprecise","AATTTCTACTATTGTAGATTACGCCATCAGCTCCAACTA","CGAAATTAATACGACTCACTATAGGGAATTTCTACTATTGTAGAT","TAGTTGGAGCTGATGGCGTAATCTACAATAGTAGAAATTC"
"14","KRAS G12D","CTATAGGGGTGGTAGTTGGAGCTGATGGCGTAGGCAAGAGTGCCTTGAC","CTATAGGGGTGGTAGTTGGAGCTGGTGGCGTAGGCAAGAGTGCCTTGAC","AAUUUCUACUAUUGUAGAUCUACGCCAUCAGCUCCAACU","crRNA14",0.286086041517917,0.318463656335511,0.0323776148175936,0.0360419318031911,0.018019015354108,0.0123050773400639,"Imprecise","AATTTCTACTATTGTAGATCTACGCCATCAGCTCCAACT","CGAAATTAATACGACTCACTATAGGGAATTTCTACTATTGTAGAT","AGTTGGAGCTGATGGCGTAGATCTACAATAGTAGAAATTC"
"15","KRAS G12D","CTATAGGGGTGGTAGTTGGAGCTGATGGCGTAGGCAAGAGTGCCTTGAC","CTATAGGGGTGGTAGTTGGAGCTGGTGGCGTAGGCAAGAGTGCCTTGAC","AAUUUCUACUAUUGUAGAUCCUACGCCAUCAGCUCCAAC","crRNA15",0.377366715055643,0.457430375056009,0.0800636600003662,0.0970502923579897,0.0484870947958351,0.0373595092915408,"Imprecise","AATTTCTACTATTGTAGATCCTACGCCATCAGCTCCAAC","CGAAATTAATACGACTCACTATAGGGAATTTCTACTATTGTAGAT","GTTGGAGCTGATGGCGTAGGATCTACAATAGTAGAAATTC"
"16","KRAS G12D","CTATAGGGGTGGTAGTTGGAGCTGATGGCGTAGGCAAGAGTGCCTTGAC","CTATAGGGGTGGTAGTTGGAGCTGGTGGCGTAGGCAAGAGTGCCTTGAC","AAUUUCUACUAUUGUAGAUGCCUACGCCAUCAGCUCCAA","crRNA16",0.0848704800634146,0.129001146609576,0.0441306665461614,0.0670775819913589,0.0335262212759815,0.0169400932722842,"Imprecise","AATTTCTACTATTGTAGATGCCTACGCCATCAGCTCCAA","CGAAATTAATACGACTCACTATAGGGAATTTCTACTATTGTAGAT","TTGGAGCTGATGGCGTAGGCATCTACAATAGTAGAAATTC"
"17","KRAS G12D","CTATAGGGGTGGTAGTTGGAGCTGATGGCGTAGGCAAGAGTGCCTTGAC","CTATAGGGGTGGTAGTTGGAGCTGGTGGCGTAGGCAAGAGTGCCTTGAC","AAUUUCUACUAUUGUAGAUUGCCUACGCCAUCAGCUCCA","crRNA17",0.0598215560924257,0.093640507099379,0.0338189510069533,0.052937835936052,0.0264627382932534,0.0120168147847567,"Imprecise","AATTTCTACTATTGTAGATTGCCTACGCCATCAGCTCCA","CGAAATTAATACGACTCACTATAGGGAATTTCTACTATTGTAGAT","TGGAGCTGATGGCGTAGGCAATCTACAATAGTAGAAATTC"
"18","KRAS G12D","CTATAGGGGTGGTAGTTGGAGCTGATGGCGTAGGCAAGAGTGCCTTGAC","CTATAGGGGTGGTAGTTGGAGCTGGTGGCGTAGGCAAGAGTGCCTTGAC","AAUUUCUACUAUUGUAGAUUUGCCUACGCCAUCAGCUCC","crRNA18",0.0386165236048478,0.093640507099379,0.0550239834945312,0.133426658747939,0.0666145322883627,0.0302498739023745,"Imprecise","AATTTCTACTATTGTAGATTTGCCTACGCCATCAGCTCC","CGAAATTAATACGACTCACTATAGGGAATTTCTACTATTGTAGAT","GGAGCTGATGGCGTAGGCAAATCTACAATAGTAGAAATTC"
"19","KRAS G12D","CTATAGGGGTGGTAGTTGGAGCTGATGGCGTAGGCAAGAGTGCCTTGAC","CTATAGGGGTGGTAGTTGGAGCTGGTGGCGTAGGCAAGAGTGCCTTGAC","AAUUUCUACUAUUGUAGAUCUUGCCUACGCCAUCAGCUC","crRNA19",0,0.00705475314340549,0.00705475314340549,Inf,1,0.191790580613949,"Moderate","AATTTCTACTATTGTAGATCTTGCCTACGCCATCAGCTC","CGAAATTAATACGACTCACTATAGGGAATTTCTACTATTGTAGAT","GAGCTGATGGCGTAGGCAAGATCTACAATAGTAGAAATTC"
"20","KRAS G12D","CTATAGGGGTGGTAGTTGGAGCTGATGGCGTAGGCAAGAGTGCCTTGAC","CTATAGGGGTGGTAGTTGGAGCTGGTGGCGTAGGCAAGAGTGCCTTGAC","AAUUUCUACUAUUGUAGAUUCUUGCCUACGCCAUCAGCU","crRNA20",0.0120835024407383,0.0279151941643245,0.0158316917235862,0.0365742259399613,0.0182850747263299,0.0055468142657684,"Imprecise","AATTTCTACTATTGTAGATTCTTGCCTACGCCATCAGCT","CGAAATTAATACGACTCACTATAGGGAATTTCTACTATTGTAGAT","AGCTGATGGCGTAGGCAAGAATCTACAATAGTAGAAATTC"
"21","KRAS G12D","CTATAGGGGTGGTAGTTGGAGCTGATGGCGTAGGCAAGAGTGCCTTGAC","CTATAGGGGTGGTAGTTGGAGCTGGTGGCGTAGGCAAGAGTGCCTTGAC","AAUUUCUACUAUUGUAGAUCUCUUGCCUACGCCAUCAGC","crRNA21",0.0114964299497821,0.0220968465292075,0.0106004165794254,0.0203746536380775,0.0101869744145482,0.00285861267598847,"Imprecise","AATTTCTACTATTGTAGATCTCTTGCCTACGCCATCAGC","CGAAATTAATACGACTCACTATAGGGAATTTCTACTATTGTAGAT","GCTGATGGCGTAGGCAAGAGATCTACAATAGTAGAAATTC"
"22","KRAS G12D","CTATAGGGGTGGTAGTTGGAGCTGATGGCGTAGGCAAGAGTGCCTTGAC","CTATAGGGGTGGTAGTTGGAGCTGGTGGCGTAGGCAAGAGTGCCTTGAC","AAUUUCUACUAUUGUAGAUACUCUUGCCUACGCCAUCAG","crRNA22",0.00514505920205542,0.0147505593044339,0.00960550010237848,0.0275383612402899,0.0137683105182749,0.00337663005263784,"Imprecise","AATTTCTACTATTGTAGATACTCTTGCCTACGCCATCAG","CGAAATTAATACGACTCACTATAGGGAATTTCTACTATTGTAGAT","CTGATGGCGTAGGCAAGAGTATCTACAATAGTAGAAATTC"
"23","KRAS G12D","CTATAGGGGTGGTAGTTGGAGCTGATGGCGTAGGCAAGAGTGCCTTGAC","CTATAGGGGTGGTAGTTGGAGCTGGTGGCGTAGGCAAGAGTGCCTTGAC","AAUUUCUACUAUUGUAGAUCACUCUUGCCUACGCCAUCA","crRNA23",0.0102716565558822,0.0220968465292075,0.0118251899733253,0.0254388770299818,0.0127187526250048,0.00356906633874302,"Imprecise","AATTTCTACTATTGTAGATCACTCTTGCCTACGCCATCA","CGAAATTAATACGACTCACTATAGGGAATTTCTACTATTGTAGAT","TGATGGCGTAGGCAAGAGTGATCTACAATAGTAGAAATTC"
"24","KRAS G12D","CTATAGGGGTGGTAGTTGGAGCTGATGGCGTAGGCAAGAGTGCCTTGAC","CTATAGGGGTGGTAGTTGGAGCTGGTGGCGTAGGCAAGAGTGCCTTGAC","AAUUUCUACUAUUGUAGAUGCACUCUUGCCUACGCCAUC","crRNA24",0.0147357889769703,0.0220968465292075,0.00736105755223719,0.0110381710323522,0.00551902947918292,0.00154871966752123,"Imprecise","AATTTCTACTATTGTAGATGCACTCTTGCCTACGCCATC","CGAAATTAATACGACTCACTATAGGGAATTTCTACTATTGTAGAT","GATGGCGTAGGCAAGAGTGCATCTACAATAGTAGAAATTC"
"25","KRAS G12D","CTATAGGGGTGGTAGTTGGAGCTGATGGCGTAGGCAAGAGTGCCTTGAC","CTATAGGGGTGGTAGTTGGAGCTGGTGGCGTAGGCAAGAGTGCCTTGAC","AAUUUCUACUAUUGUAGAUGGCACUCUUGCCUACGCCAU","crRNA25",0.0471003215721168,0.093640507099379,0.0465401855272622,0.0925268963737174,0.0462304704311556,0.0209934056871584,"Imprecise","AATTTCTACTATTGTAGATGGCACTCTTGCCTACGCCAT","CGAAATTAATACGACTCACTATAGGGAATTTCTACTATTGTAGAT","ATGGCGTAGGCAAGAGTGCCATCTACAATAGTAGAAATTC"
